,INP,MEAN_WIND_SPEED,MAX_GUST_DIR,MAX_GUST_SPEED,MAX_GUST_CTIME,Dry Bulb Temperature,Dew Point Temperature,Grass Temperature,Concrete Temperature,10cm Soil Temperature,Rainfall Total since 0900,Radiation Total since 0900,Humidity,rain_past_hour,APS Total,SMPS Total,3,demott,meyers
0,1.14246366317,13.0,236.666666667,25.3333333333,1306.66666667,21.2166666667,16.5,22.8833333333,23.2466666667,16.02,0.0,4551.73333333,74.5333333333,0.0,3504.7371799,49772.971,,5.20931884162,16.1646350521
1,0.480846060627,4.33333333333,103.333333333,8.66666666667,1132.66666667,13.2733333333,9.12,19.2633333333,23.1933333333,12.2866666667,0.0,4393.23333333,76.2666666667,0.0,17548.9074084,59193.172,,14.532915803,16.1646350521
2,0.68864811048,4.33333333333,103.333333333,8.66666666667,1132.66666667,13.2733333333,9.12,19.2633333333,23.1933333333,12.2866666667,0.0,4393.23333333,76.2666666667,0.0,15361.3778254,61291.805,,13.3514137898,16.1646350521
3,0.998869954952,12.6666666667,116.666666667,21.6666666667,1131.33333333,16.8266666667,11.8166666667,20.21,21.9066666667,13.6733333333,0.0,3481.2,72.3666666667,0.0,4178.71870064,70236.605,,5.8268287396,16.1646350521
4,0.226803152779,13.3333333333,56.6666666667,21.3333333333,1214.66666667,13.7433333333,7.11333333333,16.6066666667,19.9433333333,13.47,0.0,5510.73333333,64.2333333333,0.0,2830.05337518,55167.885,,4.54608841064,16.1646350521
5,1.28068337736,12.5,50.0,22.5,1489.0,13.495,6.655,16.62,17.905,14.305,0.0,8203.3,63.3,0.0,3436.20942636,67685.031,,5.14421359682,16.1646350521
6,0.880116164474,7.5,70.0,12.5,1303.5,13.74,11.06,14.13,15.675,14.235,0.8,3258.4,83.85,0.0,2543.70328628,39930.413,,4.2474811733,16.1646350521
7,0.950725565019,13.3333333333,233.333333333,21.3333333333,1196.66666667,13.46,8.98,14.66,15.4133333333,11.8833333333,0.0666666666667,3765.86666667,74.4,0.0666666666667,3396.0464438,74451.797,,5.10583738682,16.1646350521
8,0.461653656444,10.0,335.0,15.5,1171.0,11.875,9.24,13.35,14.495,11.65,0.0,2805.6,83.9,0.0,7212.9666878,22740.868,,8.2494052672,16.1646350521
