,INP,MEAN_WIND_SPEED,MAX_GUST_DIR,MAX_GUST_SPEED,MAX_GUST_CTIME,Dry Bulb Temperature,Dew Point Temperature,Grass Temperature,Concrete Temperature,10cm Soil Temperature,Rainfall Total since 0900,Radiation Total since 0900,Humidity,rain_past_hour,APS Total,SMPS Total,3,demott,meyers
0,1.32527186755,13.0,236.666666667,25.3333333333,1306.66666667,21.2166666667,16.5,22.8833333333,23.2466666667,16.02,0.0,4551.73333333,74.5333333333,0.0,3504.7371799,49772.971,,6.16874243884,18.9841020232
1,0.896231080481,4.33333333333,103.333333333,8.66666666667,1132.66666667,13.2733333333,9.12,19.2633333333,23.1933333333,12.2866666667,0.0,4393.23333333,76.2666666667,0.0,17548.9074084,59193.172,,17.9571641904,18.9841020232
2,0.855055549598,4.33333333333,103.333333333,8.66666666667,1132.66666667,13.2733333333,9.12,19.2633333333,23.1933333333,12.2866666667,0.0,4393.23333333,76.2666666667,0.0,15361.3778254,61291.805,,16.4393940799,18.9841020232
3,1.08984587624,12.6666666667,116.666666667,21.6666666667,1131.33333333,16.8266666667,11.8166666667,20.21,21.9066666667,13.6733333333,0.0,3481.2,72.3666666667,0.0,4178.71870064,70236.605,,6.93209628645,18.9841020232
4,0.530015247219,13.3333333333,56.6666666667,21.3333333333,1214.66666667,13.7433333333,7.11333333333,16.6066666667,19.9433333333,13.47,0.0,5510.73333333,64.2333333333,0.0,2830.05337518,55167.885,,5.35305924031,18.9841020232
5,1.19476642073,7.5,70.0,12.5,1303.5,13.74,11.06,14.13,15.675,14.235,0.8,3258.4,83.85,0.0,2543.70328628,39930.413,,4.9873812801,18.9841020232
6,0.945909056054,10.0,335.0,15.5,1171.0,11.875,9.24,13.35,14.495,11.65,0.0,2805.6,83.9,0.0,7212.9666878,22740.868,,9.9566591789,18.9841020232
